Link,Data,Link Status,Time
https://in.bookmyshow.com/,,Link Is Working Fine,Sat Sep 30 15:56:35 2017
https://in.bookmyshow.com/experiences,experiences,Link Is Working Fine,Sat Sep 30 15:56:36 2017
https://in.bookmyshow.com/movies,MOVIES,Link Is Working Fine,Sat Sep 30 15:56:38 2017
https://in.bookmyshow.com/events,EVENTS,Link Is Working Fine,Sat Sep 30 15:56:39 2017
https://in.bookmyshow.com/plays,PLAYS,Link Is Working Fine,Sat Sep 30 15:56:40 2017
https://in.bookmyshow.com/sports,SPORTS,Link Is Working Fine,Sat Sep 30 15:56:40 2017
https://support.bookmyshow.com/support/home?regionCode=,"






24/7 CUSTOMER CARE

",Link Is Working Fine,Sat Sep 30 15:56:41 2017
http://in.bookmyshow.com/,"



",Link Is Working Fine,Sat Sep 30 15:56:42 2017
https://goo.gl/nSCP8L,"

",Link Is Working Fine,Sat Sep 30 15:56:44 2017
https://id.bookmyshow.com/,Indonesia | ,Link Is Working Fine,Sat Sep 30 15:56:46 2017
http://bookmyshow.co.nz/,New Zealand | ,Link Is Working Fine,Sat Sep 30 15:56:50 2017
https://ae.bookmyshow.com/,UAE | ,Link Is Working Fine,Sat Sep 30 15:56:52 2017
http://lk.bookmyshow.com,Sri Lanka,Link Is Working Fine,Sat Sep 30 15:56:55 2017
https://www.facebook.com/BookMyShowIN,"



",Link Is Working Fine,Sat Sep 30 15:56:55 2017
http://www.twitter.com/BookMyShow/,"



",Link Is Working Fine,Sat Sep 30 15:56:56 2017
https://instagram.com/bmsbookmyshow/,"



",Link Is Working Fine,Sat Sep 30 15:56:57 2017
http://www.youtube.com/user/BookMyShow/featured,"



",Link Is Working Fine,Sat Sep 30 15:56:58 2017
http://pinterest.com/bookmyshow/,"


",Link Is Working Fine,Sat Sep 30 15:57:00 2017
https://plus.google.com/110517543803442814698/posts,"



",Link Is Working Fine,Sat Sep 30 15:57:00 2017
http://www.linkedin.com/company/bookmyshow/,"



",Link is Not Working,Sat Sep 30 15:57:00 2017
